T,L,M,absM,E,M2,E2,M4
1.80000000,16,0.95714453,0.95714453,-1.86028125,0.91693170,3.46639465,0.84359151
1.82000000,16,-0.95274414,0.95274414,-1.84837891,0.90868959,3.42251251,0.82903038
1.84000000,16,0.95040039,0.95044727,-1.84207813,0.90463426,3.39980017,0.82214208
1.86000000,16,-0.94581641,0.94581641,-1.82918750,0.89569501,3.35266357,0.80610288
1.88000000,16,0.94263867,0.94263867,-1.82066016,0.88985866,3.32203888,0.79613500
1.90000000,16,0.93793750,0.93793750,-1.80792578,0.88114160,3.27652325,0.78109748
1.92000000,16,0.93390625,0.93390625,-1.79864844,0.87382712,3.24382434,0.76891492
1.94000000,16,-0.92854883,0.92854883,-1.78491406,0.86407167,3.19508240,0.75254082
1.96000000,16,-0.92369531,0.92369531,-1.77287500,0.85532632,3.15284924,0.73819688
1.98000000,16,-0.91723242,0.91723242,-1.75823047,0.84403389,3.10211322,0.72029468
2.00000000,16,0.48036133,0.91225195,-1.74709766,0.83501613,3.06311810,0.70542151
2.02000000,16,0.90661523,0.90661523,-1.73439063,0.82500984,3.01945374,0.68958895
2.04000000,16,0.89844336,0.89844336,-1.71741797,0.81131099,2.96233832,0.66933204
2.06000000,16,-0.89009375,0.89012109,-1.70037500,0.79681470,2.90483496,0.64675474
2.08000000,16,0.88066797,0.88066797,-1.68146484,0.78079855,2.84232269,0.62335457
2.10000000,16,-0.08261328,0.87029687,-1.66385547,0.76437109,2.78501642,0.60125572
2.10500000,16,0.66998047,0.86455859,-1.65533203,0.75555203,2.75657684,0.58892412
2.11000000,16,0.40419727,0.86242383,-1.65237500,0.75277794,2.74767542,0.58584142
2.11500000,16,0.45781641,0.85862500,-1.64606641,0.74758295,2.72770282,0.57967243
2.12000000,16,-0.31887109,0.85988672,-1.64666797,0.74797003,2.72910956,0.57858599
2.12500000,16,-0.09553320,0.85302148,-1.63531250,0.73718398,2.69238074,0.56417223
2.13000000,16,0.25985938,0.85217188,-1.63379688,0.73588779,2.68693921,0.56212968
2.13500000,16,-0.25978516,0.84864453,-1.63063672,0.73133112,2.67773993,0.55766776
2.14000000,16,0.10610352,0.84675195,-1.62390625,0.72717342,2.65558179,0.55051146
2.14500000,16,-0.17092578,0.84160156,-1.61619141,0.71883276,2.63108563,0.53941026
2.15000000,16,0.21232422,0.83673828,-1.61030859,0.71266666,2.61362494,0.53266764
2.15500000,16,0.21700977,0.83288477,-1.60406250,0.70702306,2.59314453,0.52562040
2.16000000,16,-0.22665039,0.82919727,-1.59857812,0.70122890,2.57652002,0.51866575
2.16500000,16,-0.00711133,0.82852930,-1.59728125,0.70029936,2.57252917,0.51714475
2.17000000,16,-0.28002734,0.82028516,-1.58782031,0.68840207,2.54200232,0.50224239
2.17500000,16,0.31303516,0.81567578,-1.58060938,0.68288660,2.52115393,0.49683933
2.18000000,16,-0.21058594,0.81253906,-1.57662500,0.67841464,2.50811938,0.49183249
2.18500000,16,-0.22457813,0.81226562,-1.57269922,0.67656711,2.49657184,0.48833226
2.19000000,16,-0.15556445,0.80736523,-1.56442578,0.66842995,2.47066693,0.47710285
2.19500000,16,-0.15303906,0.80217969,-1.55938281,0.66244348,2.45532202,0.47170306
2.20000000,16,0.07035742,0.78898633,-1.54193750,0.64326860,2.40209399,0.44912768
2.20500000,16,0.15900195,0.78749023,-1.54212500,0.64301479,2.40307922,0.45064039
2.21000000,16,-0.09227930,0.79174414,-1.54267578,0.64710060,2.40431818,0.45313881
2.21500000,16,0.03907031,0.76899609,-1.51874219,0.61740552,2.33340955,0.42182798
2.22000000,16,-0.14314844,0.76825781,-1.51916797,0.61780536,2.33532025,0.42365010
2.22500000,16,-0.14062109,0.77381250,-1.52289844,0.62180923,2.34454626,0.42448867
2.23000000,16,-0.00968750,0.76269922,-1.50806641,0.60768994,2.30109857,0.40998979
2.23500000,16,-0.00094922,0.75744531,-1.50142188,0.60084723,2.28104468,0.40238255
2.24000000,16,-0.02834766,0.74631641,-1.49405078,0.58838260,2.26064056,0.39165626
2.24500000,16,-0.09898633,0.75027930,-1.49155469,0.58957314,2.25177209,0.38883437
2.25000000,16,0.02103125,0.73392969,-1.47585547,0.57113480,2.20693634,0.37227681
2.25500000,16,-0.05298047,0.73725391,-1.47686328,0.57429941,2.20949457,0.37379276
2.26000000,16,0.10727930,0.73235352,-1.46994531,0.56777321,2.18882971,0.36698303
2.26500000,16,-0.01841992,0.71943164,-1.45833594,0.55271724,2.15614319,0.35333504
2.27000000,16,-0.09709766,0.71369531,-1.45282422,0.54593951,2.14135321,0.34762520
2.27500000,16,0.01393164,0.70880273,-1.44598438,0.53938231,2.12105750,0.34040348
2.28000000,16,-0.07479297,0.70102734,-1.43785937,0.52877692,2.09746082,0.32920218
2.28500000,16,-0.09613086,0.68757227,-1.42651953,0.51393291,2.06596271,0.31680881
2.29000000,16,0.16711133,0.68533789,-1.42304688,0.51032573,2.05575610,0.31212371
2.29500000,16,-0.10890820,0.67992773,-1.41837891,0.50480687,2.04338470,0.30849921
2.30000000,16,-0.03582813,0.67219141,-1.40667969,0.49428189,2.01091309,0.29729402
2.30500000,16,0.02295313,0.66249219,-1.40108594,0.48443546,1.99546960,0.28943100
2.31000000,16,-0.05045117,0.65827539,-1.39482422,0.47952016,1.97851154,0.28575927
2.31500000,16,0.05424414,0.65224414,-1.38725391,0.47095601,1.95604022,0.27604359
2.32000000,16,0.04317187,0.63162109,-1.36976953,0.44901678,1.90865948,0.25829067
2.32500000,16,0.01500781,0.62857812,-1.36410547,0.44556256,1.89413751,0.25478867
2.33000000,16,0.00768555,0.61093555,-1.35242188,0.42559984,1.86218445,0.23851535
2.33500000,16,0.00207031,0.61576562,-1.35211719,0.43086096,1.86155762,0.24318913
2.34000000,16,-0.06568750,0.60920313,-1.34649219,0.42278488,1.84488916,0.23530433
2.34500000,16,-0.04131445,0.59226367,-1.33114453,0.40483235,1.80524091,0.22176724
2.35000000,16,-0.01055859,0.58893359,-1.32811328,0.40157565,1.79718842,0.21843155
2.35500000,16,-0.04464453,0.58068750,-1.31864063,0.39204608,1.77211890,0.21056148
2.36000000,16,-0.04805273,0.58196680,-1.31643359,0.39287608,1.76616266,0.21066454
2.36500000,16,0.06373437,0.56724219,-1.30560156,0.37768216,1.73734668,0.19908682
2.37000000,16,0.02839258,0.56153320,-1.30039453,0.37345613,1.72552972,0.19691422
2.37500000,16,-0.00598047,0.55421094,-1.29049609,0.36191055,1.69747675,0.18502623
2.38000000,16,0.01732422,0.55545312,-1.29285937,0.36515414,1.70409998,0.18853693
2.38500000,16,0.03266797,0.54046875,-1.27584375,0.34803683,1.66026331,0.17488678
2.39000000,16,-0.00233008,0.53654492,-1.27769141,0.34547386,1.66459564,0.17375079
2.39500000,16,0.04711328,0.52857813,-1.26610156,0.33537439,1.63554761,0.16557103
2.40000000,16,0.01155664,0.52301758,-1.25849219,0.32965236,1.61592822,0.16120430
2.42000000,16,0.01031250,0.48367578,-1.22469141,0.29244714,1.53151617,0.13564297
2.44000000,16,0.02026367,0.46351367,-1.20079687,0.27012410,1.47172827,0.11827829
2.46000000,16,0.01485156,0.43223828,-1.17530078,0.24124600,1.41021185,0.10008379
2.48000000,16,-0.00302148,0.40406055,-1.15092188,0.21708308,1.35223596,0.08567710
2.50000000,16,0.01735547,0.39055859,-1.13137500,0.20280725,1.30600977,0.07548587
2.52000000,16,0.01858398,0.37286914,-1.11287891,0.18793916,1.26298773,0.06698334
2.54000000,16,0.00852734,0.35540625,-1.09267969,0.17284106,1.21799036,0.05829386
2.56000000,16,-0.00371484,0.33379687,-1.07310938,0.15526166,1.17333411,0.04942331
2.58000000,16,0.00937305,0.31183789,-1.05227734,0.13899791,1.12901105,0.04172956
2.60000000,16,0.01650195,0.29747070,-1.03669922,0.12763576,1.09542670,0.03642489
2.62000000,16,-0.00178125,0.29050000,-1.02522266,0.12062286,1.07096417,0.03211224
2.64000000,16,-0.00201172,0.28388672,-1.00871094,0.11604901,1.03767468,0.03020395
2.66000000,16,-0.00536523,0.26563477,-0.99371875,0.10296175,1.00565161,0.02441989
2.68000000,16,-0.00283203,0.25748047,-0.97948047,0.09752451,0.97847955,0.02267950
2.70000000,16,-0.00121484,0.24864844,-0.96644922,0.09220712,0.95245184,0.02056280
2.72000000,16,0.00500391,0.24312500,-0.95338281,0.08718781,0.92621643,0.01832872
2.74000000,16,-0.00169531,0.23664062,-0.94200000,0.08251212,0.90451660,0.01653633
2.76000000,16,-0.00180664,0.22768555,-0.93312109,0.07717296,0.88756586,0.01480728
2.78000000,16,-0.00274609,0.22477344,-0.92087109,0.07543649,0.86520306,0.01425398
2.80000000,16,-0.00108398,0.21299414,-0.91006641,0.06862633,0.84424274,0.01227416
2.82000000,16,-0.00266992,0.21060742,-0.89881250,0.06641542,0.82342761,0.01124242
2.84000000,16,0.00157422,0.20402734,-0.88803125,0.06348959,0.80460181,0.01066036
2.86000000,16,0.00177539,0.19502148,-0.87783203,0.05852754,0.78596356,0.00939498
2.88000000,16,0.00296484,0.19625000,-0.87265234,0.05848370,0.77699677,0.00899823
2.90000000,16,0.00008008,0.18694336,-0.86042969,0.05358974,0.75469104,0.00772977
2.92000000,16,-0.00084961,0.18402148,-0.85092188,0.05118694,0.73871326,0.00691289
2.94000000,16,0.00891211,0.18358398,-0.84233984,0.05142421,0.72442706,0.00705641
2.96000000,16,-0.00209766,0.18018359,-0.83458984,0.04942996,0.71101923,0.00644433
2.98000000,16,0.00163867,0.17355664,-0.82633594,0.04658556,0.69767749,0.00604068
3.00000000,16,0.00795117,0.17296680,-0.82063281,0.04628529,0.68767957,0.00594315
3.02000000,16,0.00093359,0.16829688,-0.81287500,0.04336310,0.67523804,0.00508442
3.04000000,16,-0.00015430,0.16604492,-0.80181641,0.04277480,0.65745770,0.00507381
3.06000000,16,-0.00112305,0.16108398,-0.79569141,0.04008504,0.64716669,0.00448655
3.08000000,16,-0.00442188,0.16044531,-0.78859766,0.03916705,0.63601031,0.00413460
3.10000000,16,0.00011133,0.15650195,-0.77977344,0.03788866,0.62164111,0.00406035
3.12000000,16,0.00277734,0.15153516,-0.77092187,0.03536124,0.60769727,0.00350694
3.14000000,16,0.00051172,0.15123438,-0.76516016,0.03533466,0.59897272,0.00348424
3.16000000,16,0.00042383,0.15050195,-0.75902734,0.03468343,0.58916449,0.00330947
3.18000000,16,-0.00375977,0.14677930,-0.75009375,0.03351680,0.57567969,0.00317869
3.20000000,16,-0.00178125,0.14372656,-0.74501563,0.03246030,0.56768896,0.00304850
3.22000000,16,0.00155273,0.14395117,-0.73962109,0.03188908,0.56018329,0.00286091
3.24000000,16,-0.00033203,0.14089453,-0.73367578,0.03054825,0.55086200,0.00262079
3.26000000,16,0.00146484,0.14072656,-0.72709766,0.03092752,0.54132391,0.00282482
3.28000000,16,0.00148242,0.13630664,-0.72254297,0.02910878,0.53505414,0.00248631
3.30000000,16,-0.00206836,0.13827930,-0.71258984,0.02955098,0.52050470,0.00247530
3.32000000,16,-0.00786914,0.13537695,-0.70846875,0.02832152,0.51407800,0.00227540
3.34000000,16,0.00405859,0.13424609,-0.70228516,0.02776920,0.50566217,0.00219400
3.36000000,16,-0.00022266,0.13404688,-0.69494141,0.02769644,0.49474335,0.00218010
3.38000000,16,0.00211914,0.12950195,-0.69358594,0.02653569,0.49370557,0.00210473
3.40000000,16,-0.00300000,0.12667187,-0.68736719,0.02528201,0.48469958,0.00187997
1.80000000,24,-0.95700000,0.95700000,-1.85940278,0.91620927,3.45984896,0.84072827
1.82000000,24,-0.95373090,0.95373090,-1.85067708,0.90999029,3.42765693,0.82946678
1.84000000,24,0.95037240,0.95037240,-1.84182639,0.90366058,3.39513462,0.81819727
1.86000000,24,-0.94639931,0.94639931,-1.83046181,0.89618598,3.35373254,0.80494159
1.88000000,24,-0.94278733,0.94278733,-1.82036458,0.88940479,3.31708835,0.79297209
1.90000000,24,-0.93885677,0.93885677,-1.81015104,0.88206511,3.28009924,0.78013885
1.92000000,24,0.93411198,0.93411198,-1.79840799,0.87329927,3.23808590,0.76512792
1.94000000,24,-0.92857552,0.92857552,-1.78540451,0.86308411,3.19163642,0.74766217
1.96000000,24,-0.92278125,0.92278125,-1.77118924,0.85251590,3.14156958,0.73001444
1.98000000,24,0.91714149,0.91714149,-1.75885590,0.84235118,3.09839184,0.71338920
2.00000000,24,0.91225347,0.91225347,-1.74684549,0.83349916,3.05656249,0.69878260
2.02000000,24,-0.90475260,0.90475260,-1.73042188,0.81998255,2.99956888,0.67674443
2.04000000,24,0.89573698,0.89573698,-1.71257986,0.80412780,2.93873734,0.65199864
2.06000000,24,-0.88872049,0.88872049,-1.69770660,0.79204576,2.88849992,0.63373376
2.08000000,24,0.87939497,0.87939497,-1.68074306,0.77593063,2.83157875,0.60932310
2.10000000,24,-0.86946181,0.86946181,-1.66278125,0.75903721,2.77201490,0.58446973
2.10500000,24,-0.86535069,0.86535069,-1.65680382,0.75241563,2.75262807,0.57563503
2.11000000,24,0.86298177,0.86298177,-1.65194792,0.74836462,2.73659168,0.56962673
2.11500000,24,0.86016840,0.86016840,-1.64761111,0.74425106,2.72279572,0.56469474
2.12000000,24,0.22485764,0.85398785,-1.63963889,0.73509256,2.69682726,0.55288718
2.12500000,24,0.85297135,0.85297135,-1.63450868,0.73222122,2.67999406,0.54740657
2.13000000,24,-0.84949219,0.84949219,-1.63076910,0.72654514,2.66781644,0.53986162
2.13500000,24,0.84845226,0.84845226,-1.62768229,0.72468061,2.65760155,0.53677337
2.14000000,24,0.84326128,0.84326128,-1.62058507,0.71648433,2.63502456,0.52607585
2.14500000,24,-0.05493490,0.83893142,-1.61763542,0.71151786,2.62595209,0.52154791
2.15000000,24,0.83533941,0.83534983,-1.60983854,0.70483162,2.60096372,0.51173894
2.15500000,24,0.83430295,0.83430295,-1.60494444,0.70194193,2.58501690,0.50623220
2.16000000,24,0.26609983,0.82880295,-1.60027431,0.69458387,2.57048852,0.49823239
2.16500000,24,0.27822309,0.82567969,-1.59219097,0.68868330,2.54486111,0.48920706
2.17000000,24,0.52530729,0.81956250,-1.58647396,0.68110288,2.52689126,0.48142405
2.17500000,24,0.18008594,0.81080295,-1.57694792,0.66819102,2.49758748,0.46629618
2.18000000,24,0.11274132,0.80825347,-1.57480208,0.66465255,2.49078065,0.46219697
2.18500000,24,-0.73604774,0.80444531,-1.56785069,0.65809340,2.46867506,0.45323764
2.19000000,24,0.33600000,0.79833507,-1.55967535,0.64934234,2.44381111,0.44320834
2.19500000,24,-0.16965017,0.79604948,-1.55605556,0.64530655,2.43253149,0.43787439
2.20000000,24,-0.48405382,0.77840451,-1.54143750,0.62267040,2.38772856,0.41393387
2.20500000,24,0.05225781,0.78174392,-1.54123611,0.62558491,2.38698741,0.41609804
2.21000000,24,0.25225868,0.77086285,-1.52993056,0.61095054,2.35291679,0.39990318
2.21500000,24,0.11540625,0.76993750,-1.52860417,0.60987391,2.34866961,0.39910536
2.22000000,24,0.17961458,0.76209201,-1.51955208,0.59931688,2.32168832,0.38782426
2.22500000,24,-0.00613542,0.76151910,-1.51660243,0.59707126,2.31220813,0.38414839
2.23000000,24,-0.26312326,0.75200000,-1.50552431,0.58334046,2.27898708,0.36842499
2.23500000,24,-0.04435417,0.74140799,-1.49639757,0.57182654,2.25282532,0.35898955
2.24000000,24,-0.23011458,0.73022569,-1.48669444,0.55657040,2.22374942,0.34236162
2.24500000,24,0.01305816,0.72866927,-1.48162153,0.55297614,2.20857540,0.33822497
2.25000000,24,-0.06750434,0.71040712,-1.46991146,0.53226457,2.17498087,0.31997847
2.25500000,24,0.00774045,0.70354601,-1.46505556,0.52451539,2.16103856,0.31351379
2.26000000,24,0.01118924,0.69246007,-1.45238368,0.50970550,2.12451168,0.29874767
2.26500000,24,0.09238976,0.68434983,-1.44572569,0.49872804,2.10530982,0.28778357
2.27000000,24,0.20218750,0.68664931,-1.44552951,0.50159651,2.10419472,0.29031565
2.27500000,24,-0.13205903,0.67052083,-1.43221181,0.48375549,2.06655572,0.27505854
2.28000000,24,0.05466059,0.66352344,-1.42393576,0.47577733,2.04280692,0.26792291
2.28500000,24,0.15904253,0.64404080,-1.41147569,0.45251138,2.00805109,0.24804852
2.29000000,24,-0.13749566,0.63126997,-1.40161111,0.43920371,1.98078007,0.23764974
2.29500000,24,0.08343663,0.62007552,-1.39290799,0.42573141,1.95639879,0.22564838
2.30000000,24,0.03188889,0.62214410,-1.39109201,0.42799822,1.95099087,0.22730733
2.30500000,24,0.05586632,0.60063715,-1.37960937,0.40624277,1.91916808,0.21169643
2.31000000,24,0.00410156,0.59058073,-1.37072917,0.39482622,1.89491799,0.20209190
2.31500000,24,0.06640104,0.57221528,-1.35745139,0.37480224,1.85857641,0.18584985
2.32000000,24,0.05626476,0.56931163,-1.35525694,0.37242809,1.85312580,0.18533909
2.32500000,24,-0.01948872,0.56307378,-1.34593056,0.36447103,1.82816447,0.17746058
2.33000000,24,0.00322049,0.53386111,-1.33097396,0.33633163,1.78791764,0.15934510
2.33500000,24,0.00697656,0.51917795,-1.32124306,0.32161548,1.76226784,0.14975809
2.34000000,24,0.02656944,0.52932986,-1.31984722,0.33007045,1.75850280,0.15332564
2.34500000,24,-0.00663715,0.52282813,-1.31376389,0.32324629,1.74168663,0.14800221
2.35000000,24,-0.01255990,0.50022656,-1.30044097,0.30154909,1.70691266,0.13373193
2.35500000,24,0.09710590,0.49203993,-1.29177778,0.29191849,1.68341561,0.12609630
2.36000000,24,-0.02519618,0.48461806,-1.28433333,0.28379418,1.66451685,0.11997757
2.36500000,24,0.02595660,0.47192014,-1.27571354,0.27355120,1.64282293,0.11493529
2.37000000,24,0.04405382,0.45277778,-1.26619097,0.25573982,1.61827853,0.10419774
2.37500000,24,-0.01468837,0.44491233,-1.25925694,0.24741868,1.60037982,0.09816113
2.38000000,24,-0.03226389,0.43090104,-1.25175694,0.23689966,1.58206621,0.09330667
2.38500000,24,0.01726649,0.42901302,-1.24823958,0.23498722,1.57301336,0.09174135
2.39000000,24,0.05659201,0.41936285,-1.24216493,0.22658626,1.55720350,0.08721843
2.39500000,24,-0.05591059,0.40753906,-1.23309722,0.21616452,1.53472897,0.08107709
2.40000000,24,0.01514757,0.39877431,-1.22473264,0.20729307,1.51335966,0.07464262
2.42000000,24,0.00965538,0.37160503,-1.20071354,0.18420894,1.45527948,0.06259631
2.44000000,24,-0.00197483,0.32891580,-1.17521181,0.15040810,1.39323650,0.04581341
2.46000000,24,0.00466233,0.31657726,-1.15444444,0.13901758,1.34416717,0.03929799
2.48000000,24,-0.00027344,0.27769531,-1.12801042,0.10998405,1.28289701,0.02667108
2.50000000,24,-0.00059462,0.26207899,-1.10921354,0.09963121,1.24038068,0.02272706
2.52000000,24,0.01491667,0.25128646,-1.09290451,0.09158651,1.20390197,0.01944015
2.54000000,24,0.01030729,0.24418056,-1.07783160,0.08701943,1.17108339,0.01745822
2.56000000,24,0.00266927,0.22319358,-1.05839583,0.07449317,1.12912558,0.01364057
2.58000000,24,-0.00399392,0.20943316,-1.04370486,0.06643751,1.09818757,0.01152199
2.60000000,24,-0.00494618,0.20549653,-1.02907986,0.06304669,1.06745190,0.00998925
2.62000000,24,-0.00602604,0.19555035,-1.01421007,0.05696052,1.03670171,0.00817218
2.64000000,24,-0.00033507,0.18645486,-1.00113889,0.05255382,1.01010151,0.00723721
2.66000000,24,0.00019618,0.17642014,-0.98885069,0.04799254,0.98586114,0.00627115
2.68000000,24,0.00334809,0.17113802,-0.97553993,0.04474185,0.95921375,0.00532588
2.70000000,24,-0.00322743,0.16480903,-0.96142014,0.04150354,0.93184305,0.00467259
2.72000000,24,-0.00533594,0.16022309,-0.95336458,0.03915264,0.91620491,0.00418438
2.74000000,24,-0.00307292,0.15572743,-0.94266319,0.03714576,0.89598028,0.00379092
2.76000000,24,0.00209201,0.15167708,-0.93023958,0.03498950,0.87254593,0.00331170
2.78000000,24,0.00276910,0.14840104,-0.92110069,0.03361386,0.85568403,0.00305872
2.80000000,24,-0.00309462,0.14198003,-0.91004340,0.03132136,0.83549261,0.00282336
2.82000000,24,0.00209722,0.13707292,-0.89877778,0.02954523,0.81471111,0.00254390
2.84000000,24,0.00040365,0.13740712,-0.88875694,0.02900385,0.79683312,0.00233201
2.86000000,24,0.00150260,0.13264670,-0.87794444,0.02711811,0.77734985,0.00204490
2.88000000,24,0.00097830,0.12591753,-0.86878472,0.02464034,0.76120947,0.00170655
2.90000000,24,-0.00440625,0.12417882,-0.85885069,0.02389808,0.74403067,0.00161474
2.92000000,24,0.00137760,0.12147656,-0.84868229,0.02304725,0.72669161,0.00152860
2.94000000,24,0.00432812,0.12010938,-0.84178646,0.02275285,0.71506859,0.00157553
2.96000000,24,-0.00200087,0.12043316,-0.83278472,0.02227759,0.69987642,0.00140097
2.98000000,24,-0.00150000,0.11637847,-0.82528472,0.02105488,0.68755797,0.00132902
3.00000000,24,0.00058333,0.11485069,-0.81759722,0.02075907,0.67472131,0.00130268
3.02000000,24,0.00006424,0.11261111,-0.80848785,0.01976011,0.65965684,0.00113378
3.04000000,24,0.00080729,0.11089931,-0.80380903,0.01884031,0.65235585,0.00098767
3.06000000,24,0.00181250,0.10937500,-0.79447396,0.01843910,0.63726405,0.00096847
3.08000000,24,-0.00002170,0.10504253,-0.78666319,0.01739799,0.62500837,0.00090284
3.10000000,24,0.00150087,0.10433247,-0.78087500,0.01689793,0.61543106,0.00080133
3.12000000,24,0.00050000,0.10360243,-0.77059896,0.01658432,0.59972575,0.00077103
3.14000000,24,-0.00196962,0.10273872,-0.76435938,0.01662781,0.59015392,0.00083867
3.16000000,24,-0.00074566,0.09989844,-0.75807639,0.01558859,0.58055326,0.00070490
3.18000000,24,-0.00140625,0.09707292,-0.75152083,0.01501182,0.57071118,0.00070223
3.20000000,24,-0.00422569,0.09770139,-0.74527604,0.01477596,0.56122723,0.00063497
3.22000000,24,-0.00052517,0.09533767,-0.73852083,0.01416457,0.55121472,0.00058123
3.24000000,24,0.00489149,0.09384115,-0.73306250,0.01392205,0.54315753,0.00059057
3.26000000,24,0.00248611,0.09203299,-0.72685417,0.01335932,0.53408555,0.00052751
3.28000000,24,-0.00409288,0.09148003,-0.72045833,0.01309221,0.52453658,0.00050168
3.30000000,24,-0.00120139,0.09215104,-0.71521181,0.01332803,0.51696930,0.00053585
3.32000000,24,-0.00049740,0.08899219,-0.70764757,0.01247519,0.50624717,0.00046440
3.34000000,24,-0.00040885,0.08888802,-0.70222396,0.01232590,0.49856504,0.00044209
3.36000000,24,-0.00112066,0.08723872,-0.69668056,0.01191330,0.49084727,0.00041925
3.38000000,24,0.00102778,0.08696701,-0.68880208,0.01186381,0.48001485,0.00041522
3.40000000,24,-0.00058507,0.08744271,-0.68567708,0.01183314,0.47554847,0.00040581
1.80000000,32,0.95669287,0.95669287,-1.85900879,0.91547638,3.45735076,0.83887021
1.82000000,32,0.95344287,0.95344287,-1.84973633,0.90927454,3.42303320,0.82757718
1.84000000,32,0.95026758,0.95026758,-1.84087891,0.90325842,3.39046613,0.81676735
1.86000000,32,0.94636279,0.94636279,-1.83056836,0.89589398,3.35273356,0.80365414
1.88000000,32,0.94284131,0.94284131,-1.82110449,0.88926494,3.31825901,0.79189700
1.90000000,32,0.93816113,0.93816113,-1.80872559,0.88052519,3.27357875,0.77663655
1.92000000,32,-0.93397510,0.93397510,-1.79877930,0.87271988,3.23767630,0.76304467
1.94000000,32,0.92924072,0.92924072,-1.78643164,0.86396051,3.19363061,0.74801846
1.96000000,32,-0.92350195,0.92350195,-1.77313184,0.85339790,3.14639863,0.73009259
1.98000000,32,-0.91708545,0.91708545,-1.75897852,0.84171073,3.09669363,0.71064815
2.00000000,32,-0.91074170,0.91074170,-1.74400488,0.83019422,3.04431073,0.69160335
2.02000000,32,-0.90383691,0.90383691,-1.72959766,0.81789078,2.99464804,0.67193346
2.04000000,32,0.89639600,0.89639600,-1.71479102,0.80469979,2.94377036,0.65103790
2.06000000,32,-0.88836572,0.88836572,-1.69799609,0.79048646,2.88662879,0.62869097
2.08000000,32,0.87841846,0.87841846,-1.68000879,0.77326531,2.82626498,0.60262647
2.10000000,32,0.86808350,0.86808350,-1.66024023,0.75546583,2.76061668,0.57601487
2.10500000,32,-0.86528760,0.86528760,-1.65729395,0.75106723,2.75096216,0.57038396
2.11000000,32,0.86205322,0.86205322,-1.65105664,0.74542349,2.73032442,0.56178179
2.11500000,32,-0.86058594,0.86058594,-1.64841992,0.74308927,2.72173390,0.55853072
2.12000000,32,-0.85662402,0.85662402,-1.64136816,0.73626936,2.69848191,0.54863962
2.12500000,32,0.85379443,0.85379443,-1.63763477,0.73191108,2.68643492,0.54289570
2.13000000,32,-0.85113525,0.85113525,-1.63232422,0.72708504,2.66912302,0.53555108
2.13500000,32,-0.84830322,0.84830322,-1.62724414,0.72237770,2.65267729,0.52901101
2.14000000,32,0.84500195,0.84500195,-1.62112012,0.71673268,2.63278318,0.52078516
2.14500000,32,0.83891260,0.83891260,-1.61467578,0.70735600,2.61224725,0.50910119
2.15000000,32,-0.83425146,0.83425146,-1.60835449,0.70011790,2.59196306,0.49988468
2.15500000,32,0.83194287,0.83194287,-1.60476270,0.69597767,2.58035752,0.49365169
2.16000000,32,0.06651074,0.82484277,-1.59694629,0.68591499,2.55573419,0.48182422
2.16500000,32,-0.82305225,0.82305225,-1.59277148,0.68198835,2.54230054,0.47555004
2.17000000,32,0.82082764,0.82082764,-1.58762500,0.67862934,2.52618372,0.47131502
2.17500000,32,0.67967822,0.81156982,-1.57921191,0.66524103,2.49981408,0.45573612
2.18000000,32,0.04610645,0.80993066,-1.57362695,0.66184111,2.48225555,0.45047400
2.18500000,32,-0.80624512,0.80624512,-1.56886719,0.65558989,2.46726104,0.44204277
2.19000000,32,0.78597412,0.79307471,-1.55890527,0.63892737,2.43667792,0.42518783
2.19500000,32,-0.47107813,0.78021191,-1.54887207,0.62202784,2.40595070,0.40749115
2.20000000,32,0.79074805,0.79074805,-1.54964160,0.63226882,2.40771510,0.41394687
2.20500000,32,0.72802197,0.78204346,-1.54160840,0.62080375,2.38309263,0.40201646
2.21000000,32,0.47975537,0.77044287,-1.53130859,0.60456115,2.35189533,0.38452137
2.21500000,32,0.22231348,0.75910059,-1.52126367,0.59027775,2.32164177,0.37036728
2.22000000,32,0.61029932,0.75954150,-1.51763379,0.58945039,2.31062119,0.36782536
2.22500000,32,0.04940869,0.75281689,-1.50987402,0.57986278,2.28727126,0.35741816
2.23000000,32,0.13569434,0.73859961,-1.50138379,0.56306234,2.26200326,0.34239342
2.23500000,32,0.46090186,0.71706885,-1.48809082,0.53774288,2.22268696,0.31922816
2.24000000,32,0.20067139,0.72307373,-1.48480664,0.54117875,2.21266772,0.31880390
2.24500000,32,0.12342188,0.71382031,-1.47686719,0.52968144,2.18956171,0.30820743
2.25000000,32,0.11865625,0.69545508,-1.46775879,0.50883412,2.16313951,0.29046479
2.25500000,32,0.22242676,0.68954883,-1.45969141,0.49913322,2.13970527,0.27995521
2.26000000,32,-0.48546826,0.68557764,-1.45237891,0.49245188,2.11861176,0.27287375
2.26500000,32,-0.05952832,0.65515137,-1.43924023,0.46205757,2.08064470,0.25048094
2.27000000,32,0.11897754,0.65730859,-1.43605566,0.46235543,2.07177417,0.24894826
2.27500000,32,0.23643457,0.64779297,-1.42545703,0.44937558,2.04133177,0.23624813
2.28000000,32,-0.02312939,0.60734717,-1.40792578,0.40967403,1.99204140,0.20876311
2.28500000,32,0.19270605,0.61331543,-1.40596387,0.41185256,1.98636485,0.20706054
2.29000000,32,-0.02714111,0.59206592,-1.39314844,0.39202990,1.95083779,0.19456468
2.29500000,32,-0.02433789,0.58983105,-1.38833301,0.38651828,1.93703598,0.18785606
2.30000000,32,-0.07881494,0.57617822,-1.37945508,0.37492243,1.91266673,0.18053863
2.30500000,32,-0.14226904,0.55013428,-1.36375195,0.34686914,1.86951405,0.15945997
2.31000000,32,0.09188086,0.54266504,-1.35891309,0.33744770,1.85609882,0.15205764
2.31500000,32,-0.03051318,0.52789209,-1.34906836,0.32272140,1.82962136,0.14200921
2.32000000,32,0.02040869,0.51153271,-1.33966211,0.30850378,1.80456616,0.13400912
2.32500000,32,0.01905469,0.49415723,-1.32962695,0.28987190,1.77712324,0.12109646
2.33000000,32,0.06058350,0.50039404,-1.32806836,0.29591145,1.77321836,0.12461610
2.33500000,32,-0.04841016,0.46980273,-1.31169434,0.26736455,1.72971608,0.10660866
2.34000000,32,0.00124561,0.44155713,-1.29938086,0.24206598,1.69729743,0.09224506
2.34500000,32,-0.03198584,0.43256592,-1.29141113,0.23229657,1.67669385,0.08558992
2.35000000,32,-0.03852686,0.42186572,-1.28199707,0.22213819,1.65195948,0.07890474
2.35500000,32,-0.06276074,0.41605176,-1.27814844,0.21810937,1.64222209,0.07762596
2.36000000,32,0.03100391,0.40317188,-1.27187793,0.20779464,1.62627209,0.07228198
2.36500000,32,0.03614453,0.39752539,-1.26195215,0.20293072,1.60134925,0.07012074
2.37000000,32,-0.04995850,0.38448975,-1.25904102,0.19316214,1.59383283,0.06514669
2.37500000,32,-0.00020313,0.36026465,-1.24798828,0.17323583,1.56540533,0.05520515
2.38000000,32,-0.00795557,0.35117432,-1.23790527,0.16378726,1.54010290,0.04974358
2.38500000,32,0.03760498,0.33930420,-1.23073730,0.15371889,1.52203904,0.04431280
2.39000000,32,-0.00501465,0.33258203,-1.22677441,0.14958839,1.51273041,0.04296255
2.39500000,32,0.02058691,0.33134961,-1.22085547,0.14848770,1.49803785,0.04255544
2.40000000,32,-0.02211035,0.30704883,-1.21086328,0.13023748,1.47329173,0.03453681
2.42000000,32,-0.02297266,0.28774707,-1.18921191,0.11626759,1.42076164,0.02854301
2.44000000,32,-0.01641553,0.25255225,-1.16347168,0.09168437,1.36001575,0.01864289
2.46000000,32,-0.00036377,0.22990967,-1.14624414,0.07784776,1.31966365,0.01426314
2.48000000,32,0.00184326,0.21649365,-1.12182324,0.06917050,1.26426011,0.01161072
2.50000000,32,0.00160107,0.20440381,-1.10853418,0.06243573,1.23421985,0.00974476
2.52000000,32,0.00523730,0.18885059,-1.08939648,0.05368324,1.19221233,0.00747786
2.54000000,32,0.00150439,0.17542334,-1.07214063,0.04682861,1.15476076,0.00586333
2.56000000,32,-0.00406348,0.16080957,-1.05474414,0.03990558,1.11746892,0.00441206
2.58000000,32,0.00310498,0.15804639,-1.04228223,0.03806914,1.09113442,0.00390885
2.60000000,32,-0.00374072,0.15325732,-1.02808594,0.03578236,1.06158562,0.00345055
2.62000000,32,-0.00225781,0.14484473,-1.01432227,0.03201503,1.03351073,0.00276285
2.64000000,32,0.00226514,0.13864209,-1.00257031,0.02988809,1.00975356,0.00254410
2.66000000,32,0.00038770,0.13112012,-0.98795312,0.02709449,0.98043521,0.00215114
2.68000000,32,-0.00277051,0.13003320,-0.97676367,0.02625401,0.95846515,0.00196011
2.70000000,32,0.00226318,0.12369385,-0.96261426,0.02393884,0.93096556,0.00164594
2.72000000,32,0.00058936,0.11726025,-0.95232520,0.02143317,0.91123887,0.00132084
2.74000000,32,0.00089453,0.11656445,-0.94054199,0.02111429,0.88876361,0.00124057
2.76000000,32,0.00190381,0.11240381,-0.92883203,0.01980351,0.86683616,0.00115877
2.78000000,32,-0.00361377,0.11039404,-0.91786426,0.01874019,0.84638030,0.00098541
2.80000000,32,-0.00120020,0.10834570,-0.90902734,0.01819581,0.83033141,0.00093281
2.82000000,32,0.00242676,0.10430957,-0.89924414,0.01666796,0.81260011,0.00075708
2.84000000,32,-0.00066406,0.10069141,-0.88730176,0.01597336,0.79114978,0.00077181
2.86000000,32,-0.00208203,0.09674805,-0.87733301,0.01461107,0.77350771,0.00062091
2.88000000,32,-0.00195752,0.09490381,-0.86786035,0.01422012,0.75696131,0.00061068
2.90000000,32,0.00101465,0.09348438,-0.86011035,0.01365054,0.74343763,0.00054751
2.92000000,32,-0.00036475,0.09387549,-0.85203418,0.01374226,0.72957415,0.00054281
2.94000000,32,0.00302490,0.09270166,-0.84250879,0.01336698,0.71339978,0.00050865
2.96000000,32,-0.00144824,0.08719141,-0.83312695,0.01177872,0.69776093,0.00040972
2.98000000,32,-0.00112646,0.08712842,-0.82568555,0.01201661,0.68535666,0.00042725
3.00000000,32,-0.00212061,0.08338232,-0.81651953,0.01101327,0.67024651,0.00036093
3.02000000,32,-0.00041357,0.08398975,-0.80932031,0.01105687,0.65847922,0.00036006
3.04000000,32,0.00096387,0.08246973,-0.80203418,0.01062821,0.64669407,0.00033023
3.06000000,32,-0.00217188,0.07957910,-0.79246973,0.00990947,0.63141795,0.00028671
3.08000000,32,0.00097949,0.07852441,-0.78554297,0.00954166,0.62035755,0.00025845
3.10000000,32,-0.00022119,0.07636182,-0.77950586,0.00915454,0.61096716,0.00024773
3.12000000,32,0.00024707,0.07671680,-0.77296680,0.00938116,0.60087511,0.00027173
3.14000000,32,0.00039160,0.07509375,-0.76653418,0.00884441,0.59088440,0.00023123
3.16000000,32,0.00022119,0.07498096,-0.75750977,0.00871945,0.57717651,0.00021720
3.18000000,32,-0.00131250,0.07268164,-0.75218652,0.00836284,0.56906340,0.00021592
3.20000000,32,0.00035254,0.07290723,-0.74452930,0.00844025,0.55754375,0.00021384
3.22000000,32,0.00109229,0.07298877,-0.73899902,0.00823792,0.54930973,0.00019382
3.24000000,32,-0.00187402,0.07127930,-0.73181445,0.00797278,0.53879417,0.00018648
3.26000000,32,-0.00085693,0.07039697,-0.72616016,0.00776724,0.53048254,0.00018369
3.28000000,32,-0.00116064,0.07005518,-0.72063184,0.00771522,0.52241882,0.00017611
3.30000000,32,-0.00131836,0.06766699,-0.71528418,0.00720460,0.51478021,0.00015719
3.32000000,32,0.00201611,0.06761768,-0.70861816,0.00718582,0.50527134,0.00015724
3.34000000,32,0.00079248,0.06787158,-0.70203516,0.00721010,0.49592852,0.00015391
3.36000000,32,0.00117285,0.06687500,-0.69816895,0.00693836,0.49044701,0.00014074
3.38000000,32,0.00065869,0.06609717,-0.69083887,0.00685775,0.48032569,0.00013759
3.40000000,32,0.00023437,0.06612012,-0.68688770,0.00685933,0.47484194,0.00014449
1.80000000,48,0.95691102,0.95691102,-1.85939410,0.91576642,3.45795206,0.83894775
1.82000000,48,-0.95384939,0.95384939,-1.85083464,0.90992946,3.42625025,0.82833630
1.84000000,48,0.95044162,0.95044162,-1.84147439,0.90344971,3.39174713,0.81661838
1.86000000,48,0.94640039,0.94640039,-1.83082899,0.89579779,3.35268354,0.80289551
1.88000000,48,-0.94260981,0.94260981,-1.82059201,0.88866190,3.31540299,0.79024468
1.90000000,48,-0.93838281,0.93838281,-1.80947439,0.88072317,3.27506377,0.77623554
1.92000000,48,-0.93348090,0.93348090,-1.79751302,0.87158594,3.23205302,0.76034883
1.94000000,48,0.92863368,0.92863368,-1.78523003,0.86257221,3.18804336,0.74475335
1.96000000,48,-0.92344987,0.92344987,-1.77326519,0.85300161,3.14553215,0.72842808
1.98000000,48,0.91815820,0.91815820,-1.76081944,0.84328653,3.10160722,0.71203846
2.00000000,48,0.91149870,0.91149870,-1.74610764,0.83117595,3.05015597,0.69198558
2.02000000,48,-0.90390951,0.90390951,-1.72965191,0.81744927,2.99303405,0.66949810
2.04000000,48,-0.89685938,0.89685938,-1.71483811,0.80481588,2.94207854,0.64917504
2.06000000,48,0.88789757,0.88789757,-1.69740191,0.78894958,2.88277009,0.62425001
2.08000000,48,-0.87883247,0.87883247,-1.68045486,0.77303061,2.82556172,0.59962457
2.10000000,48,0.86848264,0.86848264,-1.66139497,0.75512674,2.76209434,0.57273539
2.10500000,48,0.86587869,0.86587869,-1.65741580,0.75068920,2.74887692,0.56624214
2.11000000,48,-0.86218359,0.86218359,-1.65104210,0.74433024,2.72782192,0.55679215
2.11500000,48,0.86056250,0.86056250,-1.64780252,0.74160530,2.71719019,0.55287570
2.12000000,48,0.85614497,0.85614497,-1.64241970,0.73422873,2.69960093,0.54249766
2.12500000,48,0.85437283,0.85437283,-1.63761458,0.73106651,2.68385821,0.53758167
2.13000000,48,0.84928798,0.84928798,-1.63118229,0.72259038,2.66285459,0.52568650
2.13500000,48,0.84605990,0.84605990,-1.62601910,0.71730944,2.64601946,0.51850139
2.14000000,48,0.84367556,0.84367556,-1.62150217,0.71313183,2.63139303,0.51219120
2.14500000,48,0.84029275,0.84029275,-1.61583507,0.70758354,2.61319918,0.50464979
2.15000000,48,-0.83606185,0.83606185,-1.61013108,0.70056035,2.59471871,0.49489088
2.15500000,48,-0.83026345,0.83026345,-1.60381120,0.69118899,2.57453114,0.48250043
2.16000000,48,-0.82339062,0.82393620,-1.59735720,0.68293137,2.55404868,0.47360290
2.16500000,48,-0.82482704,0.82482704,-1.59289931,0.68217923,2.53982978,0.47010243
2.17000000,48,0.82028407,0.82028407,-1.58803906,0.67506906,2.52424440,0.46106870
2.17500000,48,0.81416536,0.81416536,-1.58016710,0.66527424,2.49943840,0.44839561
2.18000000,48,-0.81067166,0.81067166,-1.57478385,0.65983415,2.48259380,0.44165411
2.18500000,48,-0.80470551,0.80470551,-1.56809852,0.65035559,2.46163262,0.42960495
2.19000000,48,0.79559657,0.79559657,-1.56010460,0.63686601,2.43684985,0.41414090
2.19500000,48,0.79084006,0.79084006,-1.55288411,0.62946386,2.41434819,0.40460415
2.20000000,48,-0.78851801,0.78851801,-1.54750217,0.62519386,2.39768811,0.39851697
2.20500000,48,-0.78406272,0.78406272,-1.54277387,0.61842283,2.38302097,0.39043699
2.21000000,48,0.30021875,0.77002387,-1.53167578,0.59917761,2.34907015,0.36980701
2.21500000,48,-0.76005208,0.76005208,-1.52455903,0.58548766,2.32765673,0.35619630
2.22000000,48,0.75766645,0.75766645,-1.51825391,0.58088182,2.30843098,0.34961169
2.22500000,48,0.73823850,0.73829145,-1.50665451,0.55630375,2.27352443,0.32630642
2.23000000,48,-0.60877865,0.73254774,-1.49922352,0.54751129,2.25118383,0.31602616
2.23500000,48,0.73116233,0.73116233,-1.49455903,0.54296020,2.23733057,0.30941150
2.24000000,48,0.54432053,0.71530534,-1.48447700,0.52461893,2.20739195,0.29333201
2.24500000,48,0.15507682,0.68986806,-1.47414627,0.49849088,2.17733334,0.27395719
2.25000000,48,0.14335764,0.68224523,-1.46454774,0.48404509,2.14911976,0.25748698
2.25500000,48,-0.06032161,0.66586589,-1.45470877,0.46576112,2.12051294,0.24273462
2.26000000,48,-0.05549436,0.66218359,-1.44747005,0.45963539,2.09961758,0.23571147
2.26500000,48,-0.05938108,0.62938802,-1.43269488,0.42473100,2.05722869,0.20952680
2.27000000,48,-0.23294401,0.61933724,-1.42664453,0.41356634,2.03996196,0.20083766
2.27500000,48,0.11425065,0.61746463,-1.41915234,0.40716044,2.01854217,0.19285653
2.28000000,48,0.19177452,0.55542730,-1.40000043,0.34985113,1.96493422,0.15750823
2.28500000,48,-0.13215582,0.56023958,-1.39462326,0.34904346,1.94959647,0.15291606
2.29000000,48,0.12939605,0.51647157,-1.37747526,0.30845284,1.90225225,0.12876217
2.29500000,48,-0.03873655,0.51106771,-1.37057682,0.29992403,1.88317903,0.12100381
2.30000000,48,-0.04947526,0.51217925,-1.36696484,0.30103509,1.87330513,0.12126599
2.30500000,48,-0.00079796,0.47264475,-1.35355339,0.26672356,1.83678844,0.10233968
2.31000000,48,-0.00998958,0.44689800,-1.34132639,0.24112050,1.80373837,0.08697105
2.31500000,48,0.01415321,0.40385243,-1.32840842,0.20823262,1.76906982,0.07108362
2.32000000,48,-0.00940299,0.41662001,-1.32383854,0.21406852,1.75683744,0.07151497
2.32500000,48,0.01593207,0.39424588,-1.31463498,0.19563005,1.73248988,0.06231556
2.33000000,48,-0.02505599,0.38233724,-1.30759592,0.18487395,1.71395780,0.05691797
2.33500000,48,0.05833659,0.35419249,-1.29606033,0.16606220,1.68389365,0.04985572
2.34000000,48,0.01551801,0.34141949,-1.28755078,0.15333577,1.66159941,0.04275085
2.34500000,48,-0.05709028,0.33004861,-1.28232335,0.14592449,1.64809393,0.03960255
2.35000000,48,0.02255729,0.31739106,-1.27332509,0.13567501,1.62504247,0.03526897
2.35500000,48,0.05752648,0.28311849,-1.26283550,0.11319146,1.59835644,0.02711923
2.36000000,48,0.00999588,0.27301975,-1.25578950,0.10632295,1.58040488,0.02394314
2.36500000,48,-0.00716558,0.26566037,-1.24782595,0.10007523,1.56030066,0.02138695
2.37000000,48,-0.00852105,0.25885308,-1.24195226,0.09532736,1.54571399,0.01977180
2.37500000,48,0.00679253,0.25322396,-1.23576649,0.09105963,1.53028816,0.01789416
2.38000000,48,0.01593620,0.24173872,-1.23030859,0.08386886,1.51692183,0.01610700
2.38500000,48,0.02236068,0.22045920,-1.22217622,0.07173998,1.49662344,0.01216567
2.39000000,48,0.00757509,0.23447569,-1.21914149,0.07995660,1.48931924,0.01454212
2.39500000,48,-0.02922721,0.21785872,-1.21167882,0.06993952,1.47117129,0.01171065
2.40000000,48,0.00135525,0.21344987,-1.20572483,0.06589530,1.45666871,0.01005349
2.42000000,48,0.01246267,0.19464627,-1.18323958,0.05565466,1.40282777,0.00738371
2.44000000,48,0.00437956,0.16548025,-1.16014931,0.04159188,1.34852441,0.00460839
2.46000000,48,0.00298850,0.16215560,-1.14469705,0.03995546,1.31283211,0.00419992
2.48000000,48,-0.01691341,0.14339171,-1.12363151,0.03136319,1.26493408,0.00270414
2.50000000,48,0.00080360,0.13047591,-1.10487413,0.02633673,1.22313078,0.00192325
2.52000000,48,0.00126801,0.12517860,-1.08794792,0.02429649,1.18591855,0.00167077
2.54000000,48,-0.00008333,0.11619010,-1.07312847,0.02103567,1.15384475,0.00127062
2.56000000,48,-0.00391667,0.10951823,-1.05802648,0.01863166,1.12157563,0.00098570
2.58000000,48,-0.00282465,0.10364757,-1.04321658,0.01668800,1.09041198,0.00079326
2.60000000,48,0.00395616,0.10184679,-1.02727344,0.01618896,1.05736526,0.00074724
2.62000000,48,-0.00032921,0.09515430,-1.01493229,0.01397671,1.03201800,0.00056318
2.64000000,48,-0.00201042,0.08914497,-1.00122049,0.01240343,1.00449448,0.00044394
2.66000000,48,-0.00156684,0.08699609,-0.98895877,0.01169019,0.98000022,0.00038589
2.68000000,48,-0.00158984,0.08319141,-0.97513932,0.01099377,0.95283771,0.00035742
2.70000000,48,0.00276671,0.08151671,-0.96272005,0.01036321,0.92872309,0.00031198
2.72000000,48,-0.00014388,0.07643294,-0.95093663,0.00920799,0.90608103,0.00025578
2.74000000,48,-0.00329579,0.07722287,-0.94099349,0.00935441,0.88733665,0.00026032
2.76000000,48,0.00230447,0.07428971,-0.93072917,0.00867319,0.86807663,0.00022280
2.78000000,48,0.00028581,0.07225065,-0.91799392,0.00808139,0.84449413,0.00018840
2.80000000,48,0.00191037,0.06954449,-0.90801172,0.00764290,0.82622882,0.00017681
2.82000000,48,-0.00200760,0.06801454,-0.89873698,0.00719339,0.80941100,0.00015117
2.84000000,48,-0.00051432,0.06651215,-0.88843229,0.00689850,0.79106617,0.00013870
2.86000000,48,0.00045942,0.06504622,-0.87947005,0.00668481,0.77518570,0.00013543
2.88000000,48,-0.00035482,0.06352496,-0.86899436,0.00626529,0.75685026,0.00011085
2.90000000,48,-0.00231424,0.06332509,-0.86030208,0.00619928,0.74179141,0.00011089
2.92000000,48,0.00021224,0.06175260,-0.85004253,0.00598286,0.72418399,0.00010671
2.94000000,48,-0.00093511,0.05893294,-0.84164410,0.00544310,0.70999281,0.00008738
2.96000000,48,-0.00212522,0.06032921,-0.83398437,0.00567318,0.69714293,0.00009257
2.98000000,48,0.00078863,0.05851345,-0.82522309,0.00531255,0.68261850,0.00008241
3.00000000,48,-0.00007574,0.05713824,-0.81661892,0.00507784,0.66844410,0.00007457
3.02000000,48,-0.00022331,0.05673763,-0.80964193,0.00499912,0.65713060,0.00007261
3.04000000,48,-0.00201280,0.05460786,-0.80024002,0.00467480,0.64196356,0.00006457
3.06000000,48,0.00117448,0.05348785,-0.79401736,0.00448301,0.63194342,0.00005918
3.08000000,48,-0.00006749,0.05338911,-0.78655425,0.00439841,0.62020496,0.00005613
3.10000000,48,0.00016385,0.05070030,-0.77884028,0.00407299,0.60807007,0.00004984
3.12000000,48,0.00215148,0.05179818,-0.77266189,0.00420704,0.59847414,0.00005321
3.14000000,48,-0.00024544,0.05067643,-0.76493446,0.00395785,0.58660342,0.00004502
3.16000000,48,0.00198025,0.04984918,-0.75750217,0.00389726,0.57528654,0.00004535
3.18000000,48,-0.00118186,0.04974392,-0.75213411,0.00388524,0.56714360,0.00004556
3.20000000,48,-0.00043273,0.04852344,-0.74575130,0.00370404,0.55759207,0.00004128
3.22000000,48,-0.00090234,0.04900564,-0.73889236,0.00382703,0.54742838,0.00004443
3.24000000,48,0.00062804,0.04684809,-0.73330990,0.00346572,0.53915261,0.00003752
3.26000000,48,0.00003385,0.04697352,-0.72708420,0.00351768,0.53011575,0.00003717
3.28000000,48,-0.00009918,0.04653277,-0.71992795,0.00339365,0.51974466,0.00003394
3.30000000,48,-0.00042361,0.04535373,-0.71468924,0.00326228,0.51222906,0.00003211
3.32000000,48,-0.00068641,0.04559049,-0.70840234,0.00328791,0.50318711,0.00003269
3.34000000,48,0.00015451,0.04493490,-0.70236415,0.00312709,0.49470897,0.00002917
3.36000000,48,0.00129405,0.04402886,-0.69770443,0.00305470,0.48816383,0.00002883
3.38000000,48,-0.00138911,0.04426541,-0.69165148,0.00307355,0.47977870,0.00002783
3.40000000,48,-0.00011523,0.04464779,-0.68664149,0.00307953,0.47280330,0.00002716
1.80000000,64,0.95682288,0.95682288,-1.85926074,0.91556084,3.45719830,0.83843720
1.82000000,64,0.95372937,0.95372937,-1.85046704,0.90965597,3.42460179,0.82767800
1.84000000,64,0.95029395,0.95029395,-1.84103271,0.90312306,3.38980745,0.81586338
1.86000000,64,0.94656641,0.94656641,-1.83101660,0.89605611,3.35304037,0.80315998
1.88000000,64,-0.94243518,0.94243518,-1.82019092,0.88826634,3.31355481,0.78930796
1.90000000,64,0.93840796,0.93840796,-1.80962329,0.88070057,3.27522959,0.77595287
1.92000000,64,-0.93393567,0.93393567,-1.79818726,0.87234197,3.23401649,0.76134863
1.94000000,64,-0.92873096,0.92873096,-1.78563916,0.86266111,3.18907942,0.74459539
1.96000000,64,0.92315759,0.92315759,-1.77276953,0.85236094,3.14333493,0.72699656
1.98000000,64,-0.91768250,0.91768250,-1.75965088,0.84230224,3.09701560,0.71001078
2.00000000,64,-0.91135059,0.91135059,-1.74562720,0.83073829,3.04790440,0.69071389
2.02000000,64,-0.90471338,0.90471338,-1.73115747,0.81873703,2.99769210,0.67107649
2.04000000,64,0.89696667,0.89696667,-1.71513062,0.80483067,2.94247396,0.64864318
2.06000000,64,-0.88846802,0.88846802,-1.69802759,0.78967663,2.88416334,0.62452805
2.08000000,64,0.87934778,0.87934778,-1.68112622,0.77366373,2.82713206,0.59979382
2.10000000,64,0.86892310,0.86892310,-1.66213062,0.75551201,2.76369865,0.57223316
2.10500000,64,-0.86590625,0.86590625,-1.65724658,0.75030899,2.74753904,0.56447832
2.11000000,64,0.86364526,0.86364526,-1.65295825,0.74641851,2.73332957,0.55869901
2.11500000,64,0.85974097,0.85974097,-1.64702515,0.73973273,2.71380733,0.54887753
2.12000000,64,0.85571021,0.85571021,-1.64108179,0.73291043,2.69428345,0.53906117
2.12500000,64,-0.85372937,0.85372937,-1.63649048,0.72951540,2.67923115,0.53406637
2.13000000,64,-0.85068481,0.85068481,-1.63208643,0.72433648,2.66487741,0.52655375
2.13500000,64,0.84713745,0.84713745,-1.62705688,0.71841009,2.64853568,0.51824656
2.14000000,64,-0.84412073,0.84412073,-1.62100098,0.71328137,2.62886906,0.51082499
2.14500000,64,-0.83957080,0.83957080,-1.61498608,0.70570965,2.60941922,0.50029362
2.15000000,64,-0.83554199,0.83554199,-1.60929175,0.69910358,2.59111506,0.49135355
2.15500000,64,-0.83236487,0.83236487,-1.60468799,0.69381227,2.57634857,0.48400007
2.16000000,64,-0.82830457,0.82830457,-1.59838110,0.68716033,2.55614837,0.47499883
2.16500000,64,-0.82344360,0.82344360,-1.59251318,0.67923105,2.53748085,0.46439125
2.17000000,64,-0.81736047,0.81736047,-1.58622778,0.66958315,2.51750867,0.45200356
2.17500000,64,-0.81017725,0.81017725,-1.57818945,0.65846118,2.49218186,0.43820706
2.18000000,64,0.80985107,0.80985107,-1.57477563,0.65741482,2.48142358,0.43601156
2.18500000,64,0.80365503,0.80365503,-1.56732080,0.64773143,2.45803480,0.42384129
2.19000000,64,0.79846191,0.79846191,-1.56020874,0.63931181,2.43580372,0.41295312
2.19500000,64,0.79406409,0.79406409,-1.55441187,0.63231624,2.41773603,0.40406379
2.20000000,64,0.78610291,0.78610291,-1.54620264,0.62018521,2.39243001,0.38969938
2.20500000,64,-0.77389514,0.77389514,-1.53725513,0.60262608,2.36499460,0.37070626
2.21000000,64,-0.77178394,0.77178394,-1.53156323,0.59842542,2.34741270,0.36416476
2.21500000,64,-0.76195215,0.76195215,-1.52464844,0.58464718,2.32642916,0.34988847
2.22000000,64,-0.75596643,0.75596643,-1.51753271,0.57511851,2.30475684,0.33817148
2.22500000,64,-0.73713855,0.74584827,-1.50944873,0.56144244,2.28031809,0.32408244
2.23000000,64,0.73193469,0.73275183,-1.50057593,0.54534782,2.25376465,0.30879076
2.23500000,64,0.49538855,0.72533630,-1.49249390,0.53346950,2.22968985,0.29617699
2.24000000,64,-0.71657117,0.71657117,-1.48465161,0.52012347,2.20629108,0.28162802
2.24500000,64,-0.61564307,0.68303149,-1.47182202,0.48536037,2.16875723,0.25539447
2.25000000,64,0.50093652,0.68175684,-1.46630200,0.48020813,2.15240516,0.24814946
2.25500000,64,-0.32132666,0.66856836,-1.45497607,0.46049965,2.11937146,0.22905911
2.26000000,64,0.45100000,0.63338330,-1.44252490,0.42331797,2.08365340,0.20320462
2.26500000,64,-0.12669373,0.61944373,-1.43235596,0.40462192,2.05425109,0.18656005
2.27000000,64,-0.45394507,0.60093652,-1.42149854,0.38439300,2.02339323,0.17119107
2.27500000,64,0.07880652,0.56169934,-1.40728101,0.34537381,1.98331875,0.14525653
2.28000000,64,0.05770483,0.54113428,-1.39942163,0.32647188,1.96122574,0.13458177
2.28500000,64,-0.02572302,0.51261462,-1.38737256,0.29770775,1.92768751,0.11608036
2.29000000,64,0.03563342,0.47961462,-1.37598462,0.27022215,1.89624634,0.10195981
2.29500000,64,-0.12960864,0.44591675,-1.36422437,0.23963964,1.86387693,0.08445677
2.30000000,64,0.14213586,0.43890002,-1.35611206,0.23175850,1.84180140,0.07907602
2.30500000,64,0.02675513,0.41851855,-1.34623291,0.21263814,1.81491134,0.06803022
2.31000000,64,-0.07429907,0.34896460,-1.33062744,0.15964427,1.77300108,0.04513102
2.31500000,64,-0.09205042,0.34485046,-1.32184961,0.15396071,1.74954512,0.04122287
2.32000000,64,0.00657434,0.32318689,-1.31423193,0.14013823,1.72959639,0.03677554
2.32500000,64,-0.03085181,0.32469263,-1.30815332,0.13878551,1.71356161,0.03475967
2.33000000,64,-0.04117749,0.30462695,-1.30017334,0.12492055,1.69271916,0.02976729
2.33500000,64,-0.01176904,0.27525464,-1.29022241,0.10477751,1.66670676,0.02225746
2.34000000,64,-0.02975378,0.25898474,-1.28235034,0.09376205,1.64638789,0.01837940
2.34500000,64,-0.02053992,0.23662561,-1.27216431,0.07950832,1.62036111,0.01386011
2.35000000,64,-0.01315906,0.23787390,-1.26702832,0.08092573,1.60731146,0.01449667
2.35500000,64,0.01805872,0.23096838,-1.26048218,0.07729793,1.59072467,0.01348017
2.36000000,64,0.01836853,0.21937390,-1.25396313,0.06995389,1.57427929,0.01122278
2.36500000,64,0.02746277,0.20412781,-1.24779150,0.06126366,1.55872278,0.00911101
2.37000000,64,0.00443933,0.20713489,-1.24138599,0.06240067,1.54280812,0.00898982
2.37500000,64,0.03366321,0.18011414,-1.23192163,0.04890832,1.51926962,0.00615953
2.38000000,64,-0.00600879,0.18863940,-1.22804053,0.05323401,1.50975990,0.00707508
2.38500000,64,0.00402026,0.17323828,-1.22108862,0.04495108,1.49269032,0.00506616
2.39000000,64,-0.01239844,0.17290063,-1.21666968,0.04410590,1.48184902,0.00480436
2.39500000,64,-0.00587622,0.16349243,-1.21053931,0.04108161,1.46699926,0.00451872
2.40000000,64,0.02059192,0.15777258,-1.20248193,0.03759259,1.44753824,0.00367398
2.42000000,64,-0.00784680,0.14450110,-1.18245044,0.03244416,1.39976807,0.00289445
2.44000000,64,0.00341687,0.12136072,-1.16074805,0.02278767,1.34882157,0.00146495
2.46000000,64,0.00728381,0.11195056,-1.14289038,0.01951583,1.30761071,0.00108123
2.48000000,64,-0.00481689,0.10791455,-1.12420801,0.01789447,1.26518371,0.00090927
2.50000000,64,0.00510583,0.10184558,-1.10576465,0.01580352,1.22402678,0.00068911
2.52000000,64,0.00672961,0.09496838,-1.08992505,0.01405232,1.18922599,0.00056143
2.54000000,64,0.00096118,0.08710742,-1.07311597,0.01164003,1.15282270,0.00038250
2.56000000,64,-0.00284033,0.08181885,-1.05733496,0.01039686,1.11918273,0.00030902
2.58000000,64,-0.00154346,0.07904712,-1.04330835,0.00967188,1.08970652,0.00026492
2.60000000,64,0.00243408,0.07508447,-1.02891650,0.00872135,1.05986930,0.00021918
2.62000000,64,-0.00512842,0.07102954,-1.01491211,0.00785812,1.03114368,0.00017823
2.64000000,64,-0.00014600,0.06819507,-1.00135181,0.00724718,1.00385787,0.00015343
2.66000000,64,-0.00006885,0.06511206,-0.98720654,0.00659439,0.97569298,0.00012453
2.68000000,64,-0.00146619,0.06324573,-0.97531689,0.00625010,0.95233879,0.00011616
2.70000000,64,0.00326685,0.06191357,-0.96321216,0.00595178,0.92885060,0.00010145
2.72000000,64,0.00075110,0.05886292,-0.95184253,0.00542840,0.90706417,0.00008598
2.74000000,64,0.00120984,0.05787390,-0.94041089,0.00528449,0.88544066,0.00008421
2.76000000,64,0.00079626,0.05629016,-0.92889600,0.00494212,0.86384416,0.00006968
2.78000000,64,0.00076318,0.05435034,-0.91806030,0.00462951,0.84385666,0.00006260
2.80000000,64,0.00019519,0.05236243,-0.90861401,0.00435026,0.82656591,0.00005683
2.82000000,64,-0.00157764,0.05173022,-0.89810522,0.00415571,0.80760982,0.00005012
2.84000000,64,0.00109106,0.05103687,-0.88839673,0.00407647,0.79022378,0.00004759
2.86000000,64,0.00129834,0.04927368,-0.87859912,0.00378255,0.77289282,0.00004181
2.88000000,64,-0.00017236,0.04883398,-0.86914111,0.00374444,0.75634647,0.00004139
2.90000000,64,-0.00054456,0.04672937,-0.85952881,0.00339786,0.73969613,0.00003413
2.92000000,64,-0.00046387,0.04595874,-0.85091553,0.00332662,0.72496033,0.00003327
2.94000000,64,-0.00089160,0.04537158,-0.84175635,0.00320993,0.70946981,0.00002992
2.96000000,64,-0.00001208,0.04327454,-0.83334424,0.00295736,0.69535849,0.00002703
2.98000000,64,-0.00043335,0.04331689,-0.82468359,0.00295308,0.68098234,0.00002625
3.00000000,64,0.00067395,0.04320349,-0.81683325,0.00288364,0.66810553,0.00002329
3.02000000,64,0.00108984,0.04186401,-0.80902368,0.00272743,0.65539315,0.00002128
3.04000000,64,0.00037415,0.04162317,-0.80072339,0.00269848,0.64203471,0.00002096
3.06000000,64,-0.00212170,0.04108289,-0.79422754,0.00258484,0.63166085,0.00001998
3.08000000,64,0.00052954,0.04030566,-0.78632446,0.00255998,0.61914893,0.00001911
3.10000000,64,-0.00040759,0.03870398,-0.77876001,0.00234807,0.60730371,0.00001673
3.12000000,64,0.00123572,0.03854138,-0.77218188,0.00232084,0.59709919,0.00001619
3.14000000,64,-0.00013599,0.03807031,-0.76536841,0.00226249,0.58663829,0.00001522
3.16000000,64,-0.00022705,0.03697729,-0.75823340,0.00215163,0.57575658,0.00001420
3.18000000,64,-0.00108130,0.03713892,-0.75196411,0.00218657,0.56629518,0.00001419
3.20000000,64,-0.00015503,0.03673267,-0.74508960,0.00210530,0.55595713,0.00001334
3.22000000,64,-0.00004492,0.03508984,-0.73862939,0.00193302,0.54639332,0.00001157
3.24000000,64,-0.00078430,0.03471814,-0.73253931,0.00190350,0.53745115,0.00001083
3.26000000,64,-0.00090210,0.03565552,-0.72593408,0.00199579,0.52777099,0.00001160
3.28000000,64,0.00005981,0.03447192,-0.72062891,0.00186073,0.52009301,0.00001021
3.30000000,64,0.00035461,0.03436560,-0.71458960,0.00185400,0.51141156,0.00001039
3.32000000,64,0.00014893,0.03385229,-0.70818652,0.00177453,0.50232361,0.00000895
3.34000000,64,-0.00058374,0.03352124,-0.70286621,0.00176357,0.49480697,0.00000926
3.36000000,64,0.00017456,0.03309448,-0.69694189,0.00172181,0.48647214,0.00000888
3.38000000,64,-0.00044446,0.03299329,-0.69090747,0.00172528,0.47810394,0.00000912
3.40000000,64,0.00069446,0.03273328,-0.68572241,0.00166907,0.47099877,0.00000836
1.80000000,96,-0.94957747,0.94957747,-1.85783030,0.90538160,3.45175934,0.82659966
1.82000000,96,-0.95355241,0.95355241,-1.85010059,0.90928744,3.42303629,0.82689534
1.84000000,96,-0.95022097,0.95022097,-1.84095020,0.90294785,3.38927120,0.81541563
1.86000000,96,0.85458534,0.87457633,-1.82323307,0.81055268,3.32485037,0.71861647
1.88000000,96,0.94256852,0.94256852,-1.82063118,0.88847182,3.31490562,0.78951128
1.90000000,96,-0.93825418,0.93825418,-1.80927615,0.88036287,3.27370706,0.77518617
1.92000000,96,-0.60105892,0.64333420,-1.77111697,0.56747386,3.13833292,0.48677191
1.94000000,96,0.92876742,0.92876742,-1.78582368,0.86266192,3.18941505,0.74436792
1.96000000,96,0.92352224,0.92352224,-1.77314638,0.85295283,3.14430835,0.72773091
1.98000000,96,0.91786605,0.91786605,-1.76018859,0.84254534,3.09855122,0.71010870
2.00000000,96,0.91166216,0.91166216,-1.74622895,0.83121038,3.04962799,0.69118379
2.02000000,96,0.90445334,0.90445334,-1.73057335,0.81813388,2.99522389,0.66966243
2.04000000,96,-0.89681098,0.89681098,-1.71499685,0.80438564,2.94157317,0.64740642
2.06000000,96,0.88878841,0.88878841,-1.69876530,0.79008496,2.88620233,0.62467453
2.08000000,96,0.87919016,0.87919016,-1.68069651,0.77314573,2.82515688,0.59827711
2.10000000,96,-0.86892616,0.86892616,-1.66197678,0.75523970,2.76262684,0.57100680
2.10500000,96,-0.86597070,0.86597070,-1.65739453,0.75013226,2.74742382,0.56337259
2.11000000,96,-0.86285390,0.86285390,-1.65230458,0.74476491,2.73058039,0.55540481
2.11500000,96,0.85964236,0.85964236,-1.64695877,0.73925629,2.71296585,0.54729164
2.12000000,96,0.85719510,0.85719510,-1.64224501,0.73506000,2.69748621,0.54111668
2.12500000,96,0.85359494,0.85359494,-1.63723969,0.72895864,2.68109363,0.53233435
2.13000000,96,-0.85067263,0.85067263,-1.63221257,0.72395991,2.66464891,0.52501977
2.13500000,96,0.84672960,0.84672960,-1.62645237,0.71729814,2.64588923,0.51549466
2.14000000,96,-0.84353239,0.84353239,-1.62065896,0.71189671,2.62708587,0.50777606
2.14500000,96,0.84006782,0.84006782,-1.61565245,0.70607962,2.61087062,0.49956558
2.15000000,96,-0.83553309,0.83553309,-1.60972461,0.69854084,2.59178255,0.48912599
2.15500000,96,0.83078597,0.83078597,-1.60380176,0.69074124,2.57276086,0.47854698
2.16000000,96,0.82754308,0.82754308,-1.59786513,0.68530045,2.55378131,0.47090884
2.16500000,96,-0.82242258,0.82242258,-1.59116743,0.67692630,2.53241732,0.45967364
2.17000000,96,0.81699430,0.81699430,-1.58578678,0.66816730,2.51534810,0.44821971
2.17500000,96,-0.81282964,0.81282964,-1.57944792,0.66135567,2.49530116,0.43909939
2.18000000,96,0.80808057,0.80808057,-1.57293066,0.65368926,2.47478091,0.42908141
2.18500000,96,0.80292839,0.80292839,-1.56674957,0.64542188,2.45535978,0.41839892
2.19000000,96,0.79658659,0.79658659,-1.56023611,0.63549055,2.43505231,0.40612726
2.19500000,96,0.79025515,0.79025515,-1.55319987,0.62557703,2.41316326,0.39390940
2.20000000,96,-0.78435145,0.78435145,-1.54709375,0.61654048,2.39425885,0.38319564
2.20500000,96,0.77447515,0.77447515,-1.53869282,0.60164117,2.36840601,0.36590130
2.21000000,96,-0.77139404,0.77139404,-1.53285720,0.59640573,2.35045561,0.35878801
2.21500000,96,-0.76365158,0.76365158,-1.52485232,0.58476424,2.32597579,0.34545441
2.22000000,96,0.75509625,0.75509625,-1.51657541,0.57185484,2.30082833,0.33065928
2.22500000,96,-0.74492535,0.74492535,-1.50938856,0.55733496,2.27912541,0.31540331
2.23000000,96,0.73010525,0.73010525,-1.49872222,0.53606697,2.24708546,0.29310264
2.23500000,96,-0.72562874,0.72562874,-1.49261274,0.52955354,2.22882845,0.28614690
2.24000000,96,0.71459424,0.71459424,-1.48388954,0.51412524,2.20288013,0.27036661
2.24500000,96,0.69701606,0.69701606,-1.47352626,0.49034489,2.17227579,0.24803671
2.25000000,96,0.69394933,0.69394933,-1.46746723,0.48569275,2.15443864,0.24290456
2.25500000,96,0.21157378,0.64651519,-1.45254612,0.43267392,2.11115537,0.20293847
2.26000000,96,-0.62276096,0.62502539,-1.44189974,0.40684978,2.08029650,0.18235070
2.26500000,96,0.48438900,0.60027658,-1.43029601,0.37854180,2.04710127,0.16123924
2.27000000,96,-0.33337560,0.54649908,-1.41653939,0.32959924,2.00793675,0.13254660
2.27500000,96,0.17182536,0.51474311,-1.40373806,0.29190578,1.97180576,0.10647272
2.28000000,96,0.19559549,0.52544965,-1.39901042,0.29921206,1.95849322,0.10815583
2.28500000,96,0.01398497,0.45406299,-1.38161957,0.23921439,1.91021150,0.07877531
2.29000000,96,0.04234218,0.42574202,-1.37300814,0.21568993,1.88647965,0.06706877
2.29500000,96,0.07077821,0.36194878,-1.35828353,0.16863527,1.84616157,0.04645159
2.30000000,96,-0.05326969,0.30980832,-1.34451931,0.12529088,1.80885506,0.02847048
2.30500000,96,0.13854389,0.27921794,-1.33432791,0.10406791,1.78142480,0.01994690
2.31000000,96,0.13050939,0.25954867,-1.32681673,0.09670131,1.76151571,0.02000956
2.31500000,96,-0.03017806,0.26171018,-1.32093555,0.09594362,1.74596438,0.01894629
2.32000000,96,0.06126237,0.22822841,-1.30974251,0.07539474,1.71639908,0.01264922
2.32500000,96,-0.01031776,0.21834793,-1.30315484,0.06931542,1.69916246,0.01090809
2.33000000,96,0.02041618,0.18872521,-1.29322776,0.05201688,1.67334598,0.00645831
2.33500000,96,-0.01607671,0.19809885,-1.28708181,0.05769919,1.65747183,0.00790557
2.34000000,96,-0.00863932,0.17677626,-1.28065951,0.04673204,1.64096217,0.00546918
2.34500000,96,0.00113802,0.16811925,-1.27170367,0.04295510,1.61805421,0.00474436
2.35000000,96,-0.00004986,0.14963439,-1.26453396,0.03401391,1.59983401,0.00308506
2.35500000,96,0.04736149,0.15377273,-1.25917415,0.03611530,1.58632492,0.00344563
2.36000000,96,-0.00377523,0.14056863,-1.25165495,0.03039541,1.56741855,0.00258809
2.36500000,96,0.01997526,0.14287055,-1.24618652,0.03119555,1.55378261,0.00263691
2.37000000,96,-0.01862250,0.12497765,-1.23990723,0.02415856,1.53812313,0.00163219
2.37500000,96,-0.00082731,0.12385997,-1.23271289,0.02305805,1.52027958,0.00137008
2.38000000,96,-0.00977897,0.11993153,-1.22737945,0.02253385,1.50719718,0.00141053
2.38500000,96,-0.01412457,0.11502767,-1.22174935,0.02053367,1.49340444,0.00120579
2.39000000,96,0.00655024,0.10876400,-1.21504926,0.01845982,1.47704349,0.00096055
2.39500000,96,0.00713471,0.11081179,-1.21023492,0.01862280,1.46540190,0.00094028
2.40000000,96,-0.00898937,0.10828136,-1.20464453,0.01807059,1.45187895,0.00090319
2.42000000,96,-0.00857802,0.09110352,-1.18228776,0.01285372,1.39847588,0.00046276
2.44000000,96,0.00316309,0.08279004,-1.16165028,0.01071171,1.35010963,0.00033919
2.46000000,96,-0.00075331,0.07612061,-1.14160124,0.00893834,1.30387855,0.00021983
2.48000000,96,-0.00351128,0.06837489,-1.12372526,0.00731950,1.26337014,0.00015824
2.50000000,96,0.00243707,0.06622776,-1.10585384,0.00681173,1.22350011,0.00013109
2.52000000,96,-0.00050450,0.06315359,-1.08914757,0.00619729,1.18680892,0.00011089
2.54000000,96,0.00022293,0.05862831,-1.07302344,0.00535949,1.15194059,0.00008388
2.56000000,96,0.00147309,0.05397027,-1.05750347,0.00458352,1.11884495,0.00006328
2.58000000,96,-0.00138254,0.05216737,-1.04264811,0.00423596,1.08765381,0.00005219
2.60000000,96,-0.00012863,0.05032937,-1.02866092,0.00397280,1.05868509,0.00004527
2.62000000,96,0.00017405,0.04754731,-1.01452116,0.00355718,1.02976399,0.00003706
2.64000000,96,-0.00030094,0.04655355,-1.00164605,0.00335321,1.00378519,0.00003161
2.66000000,96,-0.00057232,0.04462874,-0.98817329,0.00312823,0.97697467,0.00002981
2.68000000,96,0.00070399,0.04224750,-0.97567057,0.00280461,0.95240447,0.00002360
2.70000000,96,-0.00080843,0.04068419,-0.96342188,0.00259315,0.92863497,0.00001943
2.72000000,96,0.00078510,0.03982058,-0.95198112,0.00250060,0.90673054,0.00001910
2.74000000,96,-0.00015072,0.03771094,-0.94013726,0.00224154,0.88430320,0.00001499
2.76000000,96,0.00064860,0.03673530,-0.92924750,0.00212855,0.86394111,0.00001348
2.78000000,96,-0.00028912,0.03595481,-0.91831152,0.00201365,0.84373464,0.00001195
2.80000000,96,-0.00034429,0.03489204,-0.90768989,0.00192487,0.82436272,0.00001132
2.82000000,96,0.00081613,0.03445546,-0.89824599,0.00185641,0.80728275,0.00001012
2.84000000,96,0.00079020,0.03328771,-0.88797418,0.00171343,0.78893544,0.00000848
2.86000000,96,0.00109505,0.03267611,-0.87884147,0.00167289,0.77277427,0.00000839
2.88000000,96,0.00016309,0.03230599,-0.86843056,0.00164375,0.75458355,0.00000809
2.90000000,96,0.00074712,0.03125656,-0.86006185,0.00155782,0.74011338,0.00000776
2.92000000,96,0.00040891,0.03075863,-0.85120660,0.00148163,0.72494463,0.00000675
2.94000000,96,-0.00001427,0.02996305,-0.84272776,0.00140370,0.71059193,0.00000581
2.96000000,96,0.00055615,0.02917996,-0.83342263,0.00135523,0.69499229,0.00000570
2.98000000,96,-0.00084749,0.02861930,-0.82567231,0.00131980,0.68213163,0.00000545
3.00000000,96,-0.00009153,0.02815728,-0.81755187,0.00125605,0.66879541,0.00000486
3.02000000,96,-0.00022743,0.02713542,-0.80874240,0.00116150,0.65446534,0.00000403
3.04000000,96,0.00002892,0.02722531,-0.80152007,0.00114298,0.64281176,0.00000365
3.06000000,96,0.00070714,0.02639931,-0.79409201,0.00110780,0.63096549,0.00000370
3.08000000,96,-0.00058708,0.02648041,-0.78680892,0.00108956,0.61944338,0.00000344
3.10000000,96,0.00016075,0.02583263,-0.77935970,0.00104559,0.60777398,0.00000334
3.12000000,96,-0.00062728,0.02577192,-0.77260482,0.00103574,0.59727706,0.00000311
3.14000000,96,-0.00009950,0.02479948,-0.76556152,0.00096960,0.58646033,0.00000279
3.16000000,96,0.00034408,0.02505002,-0.75851270,0.00099257,0.57570371,0.00000298
3.18000000,96,-0.00025429,0.02467551,-0.75146148,0.00095718,0.56505325,0.00000285
3.20000000,96,-0.00032498,0.02437999,-0.74506532,0.00092736,0.55548444,0.00000256
3.22000000,96,0.00012120,0.02444195,-0.73890994,0.00093053,0.54633952,0.00000253
3.24000000,96,0.00014393,0.02382633,-0.73274642,0.00089014,0.53726539,0.00000237
3.26000000,96,-0.00010465,0.02346284,-0.72633344,0.00087024,0.52790656,0.00000230
3.28000000,96,0.00063146,0.02314155,-0.71997569,0.00084119,0.51871641,0.00000213
3.30000000,96,0.00036594,0.02279791,-0.71424696,0.00081709,0.51048952,0.00000201
3.32000000,96,0.00030208,0.02276855,-0.70823058,0.00081358,0.50193390,0.00000197
3.34000000,96,0.00020931,0.02217947,-0.70215484,0.00076843,0.49337014,0.00000169
3.36000000,96,-0.00032807,0.02175830,-0.69698394,0.00074075,0.48612949,0.00000162
3.38000000,96,-0.00032227,0.02143207,-0.69102615,0.00071649,0.47785214,0.00000148
3.40000000,96,-0.00025857,0.02172222,-0.68628602,0.00073800,0.47133640,0.00000165
1.80000000,128,-0.95679825,0.95679825,-1.85917670,0.91547528,3.45662487,0.83814031
1.82000000,128,0.95373810,0.95373810,-1.85048151,0.90962988,3.42437331,0.82747568
1.84000000,128,-0.94719815,0.94719815,-1.84018414,0.89798826,3.38640243,0.80848977
1.86000000,128,-0.94648969,0.94648969,-1.83077887,0.89586093,3.35185825,0.80263197
1.88000000,128,-0.94262506,0.94262506,-1.82054181,0.88856122,3.31448192,0.78960924
1.90000000,128,0.93828860,0.93828860,-1.80934747,0.88040799,3.27386020,0.77519733
1.92000000,128,-0.93379663,0.93379663,-1.79819427,0.87200204,3.23363315,0.76047775
1.94000000,128,-0.84252441,0.84281287,-1.77798584,0.76132731,3.16173682,0.64595038
1.96000000,128,0.92344312,0.92344312,-1.77305322,0.85278038,3.14386411,0.72734743
1.98000000,128,-0.91757474,0.91757474,-1.75952576,0.84198394,3.09609554,0.70907321
2.00000000,128,-0.91132416,0.91132416,-1.74566882,0.83055975,3.04753896,0.68998869
2.02000000,128,0.90436261,0.90436261,-1.73060760,0.81792793,2.99519717,0.66918952
2.04000000,128,0.89684326,0.89684326,-1.71504211,0.80439300,2.94157395,0.64725717
2.06000000,128,-0.88865173,0.88865173,-1.69863269,0.78977762,2.88557410,0.62398712
2.08000000,128,0.87950632,0.87950632,-1.68110614,0.77362993,2.82636298,0.59880659
2.10000000,128,0.86881827,0.86881827,-1.66229462,0.75496938,2.76349066,0.57035173
2.10500000,128,0.86533954,0.86533954,-1.65677515,0.74895147,2.74517968,0.56134201
2.11000000,128,-0.86252969,0.86252969,-1.65184485,0.74409525,2.72884843,0.55408503
2.11500000,128,-0.86002966,0.86002966,-1.64712988,0.73978950,2.71330353,0.54769587
2.12000000,128,0.85703424,0.85703424,-1.64229742,0.73465858,2.69742509,0.54016358
2.12500000,128,0.85379419,0.85379419,-1.63726178,0.72913645,2.68090680,0.53213680
2.13000000,128,-0.85025540,0.85025540,-1.63130829,0.72310441,2.66146206,0.52336937
2.13500000,128,0.84672943,0.84672943,-1.62614136,0.71714572,2.64464271,0.51485236
2.14000000,128,0.84280371,0.84280371,-1.62108264,0.71055623,2.62822163,0.50555422
2.14500000,128,0.83929062,0.83929062,-1.61505389,0.70462180,2.60870360,0.49708742
2.15000000,128,0.83567160,0.83567160,-1.61013593,0.69858868,2.59285362,0.48869320
2.15500000,128,-0.83136862,0.83136862,-1.60376166,0.69144098,2.57238221,0.47881938
2.16000000,128,0.82734247,0.82734247,-1.59830255,0.68479489,2.55490607,0.46975060
2.16500000,128,0.82367056,0.82367056,-1.59274030,0.67875390,2.53717550,0.46156130
2.17000000,128,-0.81924564,0.81924564,-1.58652209,0.67148470,2.51741004,0.45174053
2.17500000,128,-0.81306537,0.81306537,-1.57951361,0.66144977,2.49523575,0.43849113
2.18000000,128,-0.80700876,0.80700876,-1.57238940,0.65171375,2.47279434,0.42587846
2.18500000,128,-0.80423239,0.80423239,-1.56764795,0.64720062,2.45790550,0.41991733
2.19000000,128,0.79737650,0.79737650,-1.56040375,0.63630642,2.43525551,0.40612476
2.19500000,128,-0.79137680,0.79137680,-1.55356738,0.62682349,2.41396450,0.39424268
2.20000000,128,0.78448364,0.78448364,-1.54607294,0.61604281,2.39075832,0.38101683
2.20500000,128,-0.77964279,0.77964279,-1.53995044,0.60849328,2.37187450,0.37180725
2.21000000,128,0.77080771,0.77080771,-1.53223511,0.59492498,2.34818615,0.35573368
2.21500000,128,-0.76445758,0.76445758,-1.52506421,0.58526572,2.32627760,0.34450617
2.22000000,128,-0.75352802,0.75352802,-1.51649615,0.56893140,2.30023713,0.32612369
2.22500000,128,-0.74583490,0.74583490,-1.50948334,0.55750030,2.27903888,0.31344285
2.23000000,128,-0.72697571,0.72697571,-1.49912408,0.53089604,2.24787387,0.28628844
2.23500000,128,-0.72588315,0.72588315,-1.49222723,0.52861397,2.22728918,0.28284561
2.24000000,128,0.71127307,0.71127307,-1.48328162,0.50787892,2.20065636,0.26173807
2.24500000,128,0.69649728,0.69649728,-1.47406812,0.48803840,2.17346313,0.24328459
2.25000000,128,0.66997241,0.66997241,-1.46142969,0.45301587,2.13637797,0.21185812
2.25500000,128,0.65183200,0.65183200,-1.45319275,0.43233694,2.11245285,0.19705985
2.26000000,128,0.64366946,0.64366946,-1.44474939,0.41909023,2.08796120,0.18294433
2.26500000,128,0.60329355,0.60329355,-1.43150739,0.37320209,2.04991660,0.15041129
2.27000000,128,-0.27414703,0.53459686,-1.41678577,0.31148693,2.00808943,0.11616794
2.27500000,128,-0.11153564,0.49970203,-1.40578149,0.28344602,1.97710323,0.10259558
2.28000000,128,0.13912521,0.46095828,-1.39330194,0.24413088,1.94209361,0.07853484
2.28500000,128,-0.14906693,0.40048276,-1.37888202,0.19410847,1.90209481,0.05558236
2.29000000,128,-0.10920856,0.35323462,-1.36670081,0.15493972,1.86858769,0.03855012
2.29500000,128,-0.28409460,0.31676831,-1.35607916,0.12971203,1.83965105,0.02921151
2.30000000,128,0.01851675,0.24134024,-1.34293439,0.08404951,1.80409776,0.01517987
2.30500000,128,-0.04853632,0.23186823,-1.33467542,0.07534445,1.78197539,0.01212304
2.31000000,128,0.03576901,0.21214432,-1.32595123,0.06359584,1.75869401,0.00876358
2.31500000,128,0.03986078,0.19165094,-1.31776532,0.05217766,1.73702988,0.00600178
2.32000000,128,0.02265741,0.17488104,-1.30865967,0.04455103,1.71312320,0.00459634
2.32500000,128,0.03072336,0.15871988,-1.30115735,0.03848916,1.69353650,0.00392706
2.33000000,128,0.01216772,0.14870532,-1.29324756,0.03463843,1.67298609,0.00345844
2.33500000,128,0.03206482,0.15567767,-1.28652222,0.03491966,1.65561833,0.00286050
2.34000000,128,0.01160141,0.13189401,-1.27854352,0.02606941,1.63515063,0.00174401
2.34500000,128,-0.00976459,0.13263623,-1.27245337,0.02648511,1.61959273,0.00177431
2.35000000,128,0.01520779,0.11591928,-1.26492499,0.02102808,1.60049142,0.00125492
2.35500000,128,0.00401294,0.11231122,-1.25915308,0.01925782,1.58590409,0.00098384
2.36000000,128,-0.00268869,0.10370566,-1.25266876,0.01650963,1.56961438,0.00074989
2.36500000,128,0.01051752,0.10078595,-1.24657446,0.01576646,1.55438444,0.00069886
2.37000000,128,-0.00363858,0.10439871,-1.23998047,0.01685896,1.53798281,0.00081595
2.37500000,128,-0.01704233,0.09594485,-1.23271777,0.01362298,1.52000488,0.00047265
2.38000000,128,0.03171271,0.09651703,-1.22689032,0.01436809,1.50567104,0.00057712
2.38500000,128,-0.00855264,0.08961148,-1.22166681,0.01277168,1.49288028,0.00051516
2.39000000,128,0.00573111,0.08375406,-1.21550110,0.01087169,1.47783495,0.00033144
2.39500000,128,0.00074210,0.07676932,-1.20992291,0.00926475,1.46431597,0.00025369
2.40000000,128,0.00277472,0.07748865,-1.20354370,0.00954138,1.44891983,0.00027529
2.42000000,128,-0.00277988,0.07223843,-1.18219043,0.00811520,1.39794224,0.00019438
2.44000000,128,-0.00088187,0.06227298,-1.16053796,0.00595836,1.34721316,0.00010305
2.46000000,128,-0.00471729,0.05851477,-1.14154718,0.00542781,1.30348172,0.00008887
2.48000000,128,0.00170752,0.05486340,-1.12338800,0.00466512,1.26233697,0.00006151
2.50000000,128,0.00133514,0.05143494,-1.10623712,0.00410114,1.22409279,0.00004807
2.52000000,128,0.00139127,0.04541092,-1.08978662,0.00323159,1.18794900,0.00003093
2.54000000,128,0.00099710,0.04357541,-1.07347028,0.00297439,1.15265178,0.00002648
2.56000000,128,0.00017633,0.04040076,-1.05778168,0.00256359,1.11920713,0.00001978
2.58000000,128,-0.00100854,0.03941821,-1.04214703,0.00243172,1.08636869,0.00001761
2.60000000,128,0.00101178,0.03731580,-1.02842218,0.00216723,1.05793844,0.00001346
2.62000000,128,0.00095471,0.03617249,-1.01433405,0.00204761,1.02914853,0.00001253
2.64000000,128,0.00014706,0.03389310,-1.00086719,0.00181686,1.00201296,0.00000992
2.66000000,128,0.00093314,0.03277408,-0.98808850,0.00166763,0.97658423,0.00000806
2.68000000,128,0.00087585,0.03222418,-0.97560748,0.00160947,0.95207714,0.00000754
2.70000000,128,0.00054520,0.03084445,-0.96349023,0.00150557,0.92857389,0.00000718
2.72000000,128,-0.00082443,0.02989188,-0.95182214,0.00140709,0.90622618,0.00000601
2.74000000,128,0.00000842,0.02932031,-0.94074115,0.00132230,0.88524590,0.00000501
2.76000000,128,0.00001990,0.02779419,-0.92981006,0.00121309,0.86478827,0.00000440
2.78000000,128,-0.00122311,0.02771402,-0.91872498,0.00119662,0.84430234,0.00000413
2.80000000,128,-0.00009128,0.02660172,-0.90845557,0.00112000,0.82554828,0.00000377
2.82000000,128,0.00000217,0.02544614,-0.89784460,0.00101075,0.80635506,0.00000299
2.84000000,128,0.00002771,0.02471405,-0.88829413,0.00096127,0.78930914,0.00000271
2.86000000,128,0.00004257,0.02406589,-0.87813416,0.00090436,0.77135877,0.00000243
2.88000000,128,-0.00046667,0.02378815,-0.86882367,0.00089391,0.75509074,0.00000239
2.90000000,128,0.00095032,0.02326636,-0.86000885,0.00084805,0.73985642,0.00000210
2.92000000,128,0.00090833,0.02264661,-0.85126617,0.00080373,0.72487627,0.00000186
2.94000000,128,-0.00023972,0.02212595,-0.84222595,0.00077199,0.70957109,0.00000175
2.96000000,128,0.00100525,0.02203516,-0.83388586,0.00076714,0.69558950,0.00000185
2.98000000,128,0.00020074,0.02154938,-0.82543683,0.00073758,0.68157777,0.00000172
3.00000000,128,0.00093655,0.02169785,-0.81686633,0.00073615,0.66749027,0.00000161
3.02000000,128,0.00028156,0.02131079,-0.80931348,0.00070527,0.65520381,0.00000145
3.04000000,128,0.00004807,0.02071890,-0.80156824,0.00067895,0.64272084,0.00000138
3.06000000,128,-0.00054123,0.02004514,-0.79393463,0.00062738,0.63054805,0.00000117
3.08000000,128,0.00029596,0.02019843,-0.78652863,0.00064336,0.61884515,0.00000124
3.10000000,128,0.00038672,0.01942328,-0.77952643,0.00059288,0.60786806,0.00000107
3.12000000,128,-0.00063156,0.01945590,-0.77207007,0.00059288,0.59629882,0.00000103
3.14000000,128,0.00064594,0.01927649,-0.76540704,0.00058421,0.58605962,0.00000103
3.16000000,128,0.00055508,0.01870303,-0.75851855,0.00054972,0.57556050,0.00000093
3.18000000,128,0.00013840,0.01856326,-0.75149194,0.00053893,0.56494824,0.00000088
3.20000000,128,-0.00019522,0.01828256,-0.74498389,0.00052538,0.55520896,0.00000084
3.22000000,128,0.00031845,0.01787558,-0.73854675,0.00050043,0.54564247,0.00000076
3.24000000,128,0.00011703,0.01751132,-0.73245422,0.00048668,0.53669885,0.00000073
3.26000000,128,-0.00052362,0.01702191,-0.72626581,0.00045331,0.52765769,0.00000060
3.28000000,128,0.00112817,0.01741492,-0.72026849,0.00047058,0.51898584,0.00000064
3.30000000,128,0.00030447,0.01737088,-0.71445044,0.00047523,0.51063155,0.00000067
3.32000000,128,-0.00028586,0.01693600,-0.70855554,0.00045777,0.50224952,0.00000065
3.34000000,128,0.00011969,0.01654895,-0.70262128,0.00043221,0.49387450,0.00000056
3.36000000,128,-0.00047015,0.01658679,-0.69723993,0.00043469,0.48634178,0.00000057
3.38000000,128,-0.00012360,0.01644983,-0.69159680,0.00042168,0.47849920,0.00000053
3.40000000,128,-0.00018915,0.01625995,-0.68598547,0.00040381,0.47076995,0.00000046
